<?xml version="1.0" encoding="utf-8"?>
<!-- GameInfo -->
<!-- Author: Sparrow -->
<!-- DateCreated: 01/24/2019 4:27:04 AM -->
<GameInfo>
	<InputCategories>
		<Row CategoryId="CHEATMENU" Name="Cheat Menu - Key Bindings" Visible="1" SortIndex="0" />
	</InputCategories>
	
	<InputActions>	
		<Row ActionId="ToggleMenu" Name="LOC_OPTIONS_MENU" Description="LOC_OPTIONS_MENU" CategoryId="CHEATMENU" ContextId="World" />
		<Row ActionId="ToggleGold" Name="LOC_OPTIONS_GOLD" Description="LOC_OPTIONS_GOLD" CategoryId="CHEATMENU" ContextId="World" />
		<Row ActionId="ToggleFaith" Name="LOC_OPTIONS_FAITH" Description="LOC_OPTIONS_FAITH" CategoryId="CHEATMENU" ContextId="World" />
		<Row ActionId="ToggleCProduction" Name="LOC_OPTIONS_PRODUCTION" Description="LOC_OPTIONS_PRODUCTION" CategoryId="CHEATMENU" ContextId="World" />
		<Row ActionId="ToggleCCivic" Name="LOC_OPTIONS_CIVIC" Description="LOC_OPTIONS_CIVIC" CategoryId="CHEATMENU" ContextId="World" />
		<Row ActionId="ToggleCResearch" Name="LOC_OPTIONS_TECH" Description="LOC_OPTIONS_TECH" CategoryId="CHEATMENU" ContextId="World" />
		<Row ActionId="ToggleEnvoy" Name="LOC_OPTIONS_ENVOY" Description="LOC_OPTIONS_ENVOY" CategoryId="CHEATMENU" ContextId="World" />
		<Row ActionId="ToggleEra" Name="LOC_OPTIONS_ERA" Description="LOC_OPTIONS_ERA" CategoryId="CHEATMENU" ContextId="World" />
		<Row ActionId="ToggleObs" Name="LOC_OPTIONS_OBS" Description="LOC_OPTIONS_OBS" CategoryId="CHEATMENU" ContextId="World" />
		<Row ActionId="ToggleUnitMovementChange" Name="LOC_OPTIONS_MOV" Description="LOC_OPTIONS_MOV" CategoryId="CHEATMENU" ContextId="World" />
		<Row ActionId="ToggleUnitHealChange" Name="LOC_OPTIONS_HP" Description="LOC_OPTIONS_HP" CategoryId="CHEATMENU" ContextId="World" />
		<Row ActionId="ToggleUnitPromote" Name="LOC_OPTIONS_XP" Description="LOC_OPTIONS_XP" CategoryId="CHEATMENU" ContextId="World" />
		<Row ActionId="ToggleDuplicate" Name="LOC_OPTIONS_DUPE" Description="LOC_OPTIONS_DUPE" CategoryId="CHEATMENU" ContextId="World" />
		<Row ActionId="ToggleChangePopulation" Name="LOC_OPTIONS_POP" Description="LOC_OPTIONS_POP" CategoryId="CHEATMENU" ContextId="World" />
		<Row ActionId="ToggleChangeCityLoyalty" Name="LOC_OPTIONS_LOYALTY" Description="LOC_OPTIONS_LOYALTY" CategoryId="CHEATMENU" ContextId="World" />
		<Row ActionId="ToggleCompleteAllResearch" Name="LOC_OPTIONS_ALL_TECH" Description="LOC_OPTIONS_ALL_TECH" CategoryId="CHEATMENU" ContextId="World" />
		<Row ActionId="ToggleCompleteAllCivic" Name="LOC_OPTIONS_ALL_CIVIC" Description="LOC_OPTIONS_ALL_CIVIC" CategoryId="CHEATMENU" ContextId="World" />	
		<Row ActionId="ToggleGovernorpoints" Name="LOC_OPTIONS_GOVPOINTS" Description="LOC_OPTIONS_GOVPOINTS" CategoryId="CHEATMENU" ContextId="World" />		
		<Row ActionId="ToggleGoldMore" Name="LOC_OPTIONS_GOLDMORE" Description="LOC_OPTIONS_GOLDMORE" CategoryId="CHEATMENU" ContextId="World" />		
		<Row ActionId="ToggleDiplomaticFavor" Name="LOC_OPTIONS_DIPLOMATIC_FAVOR" Description="LOC_OPTIONS_DIPLOMATIC_FAVOR" CategoryId="CHEATMENU" ContextId="World" />	
		<Row ActionId="Toggle5Movement" Name="LOC_OPTIONS_5MOV" Description="LOC_OPTIONS_5MOV" CategoryId="CHEATMENU" ContextId="World" />		
	</InputActions>
	
	<InputActionDefaultGestures>
		<Row ActionId="ToggleMenu" Index="0" GestureType="KBMouse" GestureData="NONE"/>
		<Row ActionId="ToggleGoldMore" Index="0" GestureType="KBMouse" GestureData="NONE"/>		
		<Row ActionId="ToggleGold" Index="0" GestureType="KBMouse" GestureData="NONE"/>
		<Row ActionId="ToggleFaith" Index="0" GestureType="KBMouse" GestureData="NONE"/>
		<Row ActionId="ToggleCProduction" Index="0" GestureType="KBMouse" GestureData="NONE"/>
		<Row ActionId="ToggleCCivic" Index="0" GestureType="KBMouse" GestureData="NONE"/>
		<Row ActionId="ToggleCResearch" Index="0" GestureType="KBMouse" GestureData="NONE"/>
		<Row ActionId="ToggleEnvoy" Index="0" GestureType="KBMouse" GestureData="NONE"/>
		<Row ActionId="ToggleUnitMovementChange" Index="0" GestureType="KBMouse" GestureData="NONE"/>
		<Row ActionId="ToggleUnitHealChange" Index="0" GestureType="KBMouse" GestureData="NONE"/>
		<Row ActionId="ToggleUnitPromote" Index="0" GestureType="KBMouse" GestureData="NONE"/>
		<Row ActionId="ToggleDuplicate" Index="0" GestureType="KBMouse" GestureData="NONE"/>
		<Row ActionId="ToggleChangePopulation" Index="0" GestureType="KBMouse" GestureData="NONE"/>
		<Row ActionId="ToggleChangeCityLoyalty" Index="0" GestureType="KBMouse" GestureData="NONE"/>
		<Row ActionId="ToggleCompleteAllResearch" Index="0" GestureType="KBMouse" GestureData="NONE"/>
		<Row ActionId="ToggleCompleteAllCivic" Index="0" GestureType="KBMouse" GestureData="NONE"/>
		<Row ActionId="ToggleGovernorpoints" Index="0" GestureType="KBMouse" GestureData="NONE"/>	
		<Row ActionId="ToggleEra" Index="0" GestureType="KBMouse" GestureData="NONE"/>
		<Row ActionId="ToggleObs" Index="0" GestureType="KBMouse" GestureData="NONE"/>
		<Row ActionId="ToggleDiplomaticFavor" Index="0" GestureType="KBMouse" GestureData="NONE"/>
		<Row ActionId="Toggle5movement" Index="0" GestureType="KBMouse" GestureData="NONE"/>
	</InputActionDefaultGestures>
</GameInfo>
