<?xml version="1.0" encoding="utf-8"?>
<Context Name="CheatPanelAddon">
	<Grid ID="CheatPanel" Offset="0,0" Size="296,25"  Texture="Controls_DropdownPanel" Color="143,122,82,200" Anchor="L,T" ConsumeMouseOver="1" Hidden="0" >
	  <Box Offset="0,0" Size="parent-5,default" Color="143,122,82,200">
		<Image Texture="Controls_GradientSmall" Size="parent,20" Color="0,0,0,255" Anchor="L,T"/>
		<Container ID="PanelContainer" Offset="0,0" Align="Center" Size="parent,1" >		
			<Button ID="HeaderTitle" Anchor="C,C" Offset="0,5" ConsumeAllMouse="1" Size="250,23">
				<Label ID="PanelTitle" Anchor="C,C" Offset="0,7" Align="Center" Size="200,90" WrapWidth="Parent-40" Align="Center" Style="FontFlair16" Color2="143,122,82,255" Color0="106,93,69,230" SmallCaps="20" SmallCapsLeading="0" SmallCapsType="EveryWord" KerningAdjustment="0" String="{LOC_CHEAT_MENU_HEADER:upper}" >	<!--LOC_CHEAT_MENU_HEADER	-->		
			</Button>
			<Stack ID="ButtonStackMIN" Anchor="C,T" Offset="0,15" StackGrowth="Down" Padding="-5" Hidden="1">
				<Grid 					ID="BonusBacking1" Anchor="C,T" Offset="0,0" Size="445,46" Texture="" SliceCorner="17,17" SliceSize="1,1" SliceTextureSize="36,35" Color="GovBonusDark">
					<Stack				ID="ButtonStack1" Anchor="C,C" Offset="0,0" StackGrowth="Right" StackPadding="8" > 
						<Button 		ID="CheatButtonGold" Offset="0,15" Texture="LaunchBar_Hook_ButtonSmall.dds" Style="ButtonDisabledText" Size="40,40" Anchor="C,C" ToolTip="LOC_CHEAT_MENU_GOLD">
							<Label 		String="[ICON_GoldLarge]" TextAnchor="C,C" Style="FontNormal16"   Size="26,26" Anchor="C,C" Offset="0,0"/>
						</Button>
						<Button 		ID="CheatButtonFaith" Offset="0,15" Texture="LaunchBar_Hook_ButtonSmall.dds" Style="ButtonDisabledText" Size="40,40" Anchor="C,C" ToolTip="LOC_CHEAT_MENU_FAITH">
							<Label 		String="[ICON_FaithLarge]" TextAnchor="C,C" Style="FontNormal16"   Size="26,26" Anchor="C,C" Offset="0,0"/>
						</Button>					
						<Button 		ID="CheatButtonProduction" Offset="0,15" Texture="LaunchBar_Hook_ButtonSmall.dds" Style="ButtonDisabledText" Size="40,40" Anchor="C,C" ToolTip="LOC_CHEAT_MENU_PRODUCTION">
							<Label 		String="[ICON_ProductionLarge]" TextAnchor="C,C" Style="FontNormal16"   Size="26,26" Anchor="C,C" Offset="0,0"/>
						</Button>
						<Button 		ID="CheatButtonCulture" Offset="0,15" Texture="LaunchBar_Hook_ButtonSmall.dds" Style="ButtonDisabledText" Size="40,40" Anchor="C,C" ToolTip="LOC_CHEAT_MENU_CULTURE">
							<Label 		String="[ICON_CultureLarge]" TextAnchor="C,C" Style="FontNormal16"   Size="26,26" Anchor="C,C" Offset="0,0"/>
						</Button>					
						<Button 		ID="CheatButtonScience" Offset="0,15" Texture="LaunchBar_Hook_ButtonSmall.dds" Style="ButtonDisabledText" Size="40,40" Anchor="C,C" ToolTip="LOC_CHEAT_MENU_SCIENCE">
							<Label 		String="[ICON_ScienceLarge]" TextAnchor="C,C" Style="FontNormal16"   Size="26,26" Anchor="C,C" Offset="0,0"/>
						</Button>
					</Stack>
				</Grid>
				<Grid 					ID="BonusBacking2" Anchor="C,T" Offset="0,0" Size="445,46" Texture="" SliceCorner="17,17" SliceSize="1,1" SliceTextureSize="36,35" Color="GovBonusDark">
					<Stack				ID="ButtonStack2" Anchor="C,C" Offset="0,0" StackGrowth="Right" StackPadding="8" > 
						<Button 		ID="CheatButtonUnitMV" Offset="0,15" Texture="LaunchBar_Hook_ButtonSmall.dds" Style="ButtonDisabledText" Size="40,40" Anchor="C,C" ToolTip="LOC_CHEAT_MENU_MOVES">
							<Image 		ID="UnitMV" Icon="ICON_UNITOPERATION_MOVE_TO" Size="23,23" Anchor="C,C" Offset="-1,-1"/>
						</Button>
						<Button 		ID="CheatButtonHeal" Offset="0,15" Texture="LaunchBar_Hook_ButtonSmall.dds" Style="ButtonDisabledText" Size="40,40" Anchor="C,C" ToolTip="LOC_CHEAT_MENU_HEAL">
							<Image 		ID="HealIcon" Icon="ICON_UNITOPERATION_HEAL" Size="23,23" Anchor="C,C" Offset="-1,-1"/>
						</Button>
						<Button 		ID="CheatButtonAddMovement" Offset="0,15" Texture="LaunchBar_Hook_ButtonSmall.dds" Style="ButtonDisabledText" Size="40,40" Anchor="C,C" ToolTip="LOC_CHEAT_MENU_MOVE">
							<Image 		ID="AddMv" Icon="ICON_UNITOPERATION_MOVE_TO_UNIT" Size="23,23" Anchor="C,C" Offset="-1,-1"/>
						</Button>
						<Button 		ID="CheatButtonCityHeal" Offset="0,15" Texture="LaunchBar_Hook_ButtonSmall.dds" Style="ButtonDisabledText" Size="40,40" Anchor="C,C">
							<Image 		ID="CityHeal" Icon="ICON_CIVILOPEDIA_BUILDINGS" Size="28,28" Anchor="C,C" Offset="0,-1" ToolTip="LOC_CHEAT_MENU_CITYHEAL" />
							<Image 		ID="CityIcon" Icon="ICON_UNITOPERATION_HEAL" Color="0,200,0,255" Alpha="0.8" Size="20,20" Anchor="C,C" Offset="0,4"/>
						</Button>
						<Button 		ID="CheatButtonDestroy" Offset="0,15" Texture="LaunchBar_Hook_ButtonSmall.dds" Style="ButtonDisabledText" Size="40,40" Anchor="C,C">
							<Image 		ID="Destroy"  Icon="ICON_CIVILOPEDIA_BUILDINGS" Size="27,27" Anchor="C,C" Offset="-1,-1" ToolTip="LOC_CHEAT_MENU_DESTROY" />
							<Image 		ID="Destroyico" Icon="ICON_UNITCOMMAND_CANCEL" Color="255,0,0,155" Alpha="1.2" Size="20,20" Anchor="C,C" Offset="0,4"/>
						</Button>
						<Button 		ID="CheatButtonEnvoy" Offset="0,15" Texture="LaunchBar_Hook_ButtonSmall.dds" Style="ButtonDisabledText" Size="40,40" Anchor="C,C" ToolTip="LOC_CHEAT_MENU_ENVOY">
							<Image 		ID="EnvoyIcon" Icon="ICON_NOTIFICATION_GIVE_INFLUENCE_TOKEN" Size="23,23" Anchor="C,C" Offset="-1,-1"/>
						</Button>
					</Stack>
				</Grid>
				<Grid 					ID="BonusBacking3" Anchor="C,T" Offset="0,0" Size="445,46" Texture="" SliceCorner="17,17" SliceSize="1,1" SliceTextureSize="36,35" Color="GovBonusDark">
					<Stack				ID="ButtonStack3" Anchor="C,C" Offset="0,0" StackGrowth="Right" StackPadding="8" > 
						<Button 		ID="CheatButtonDiplo" Offset="0,15" Texture="LaunchBar_Hook_ButtonSmall.dds" Style="ButtonDisabledText" Size="40,40" Anchor="C,C" ToolTip="LOC_CHEAT_MENU_DIPLOMATIC_FAVOR">
							<Label 		ID="Diplo" String="[ICON_FAVOR_LARGE]" Size="30,30" Anchor="C,C" Offset="0,0" />
						</Button>
						<Button 		ID="CheatButtonGov" Offset="0,15" Texture="LaunchBar_Hook_ButtonSmall.dds" Style="ButtonDisabledText" Size="40,40" Anchor="C,C">
							<Image 		ID="GovPoints" Icon="ICON_CIVILOPEDIA_GOVERNORS" Size="27,27" Anchor="C,C" Offset="-1,-1" ToolTip="LOC_CHEAT_MENU_GOVPOINTS" />
						</Button>
						<Button 		ID="CheatButtonLoyalty" Offset="0,15" Texture="LaunchBar_Hook_ButtonSmall.dds" Style="ButtonDisabledText" Size="40,40" Anchor="C,C" ToolTip="LOC_CHEAT_MENU_LOYALTY">
							<Image 		ID="Loyalty" Icon="ICON_CIVILOPEDIA_GOVERNORS" Size="23,23" Anchor="C,C" Offset="-1,-1"/>
						</Button>
						<Button 		ID="CheatButtonPopulation" Offset="0,15" Texture="LaunchBar_Hook_ButtonSmall.dds" Style="ButtonDisabledText" Size="40,40" Anchor="C,C" ToolTip="LOC_CHEAT_MENU_POP">
							<Image 		ID="PopulationIcon" Icon="ICON_CITIZEN" Size="23,23" Anchor="C,C" Offset="-1,-1"/>
						</Button>
						<Button 		ID="CheatButtonEra2" Offset="0,15" Texture="LaunchBar_Hook_ButtonSmall.dds" Style="ButtonDisabledText" Size="40,40" Anchor="C,C" ToolTip="LOC_CHEAT_MENU_ERAMINUS">
							<Image 		ID="ErasScore2" Alpha="0.7" Icon="ICON_CIVILOPEDIA_HISTORIC_MOMENTS" Size="20,20" Anchor="C,C" Offset="-1,-5" />
							<Label 		ID="Lable_minus" String="-10" TextAnchor="C,C" Color="191,55,60,255" Style="FontNormal12" Size="56,16" Anchor="R,C" Offset="12,5" Hidden="1"/>
						</Button>
						<Button 		ID="CheatButtonEra" Offset="0,15" Texture="LaunchBar_Hook_ButtonSmall.dds" Style="ButtonDisabledText" Size="40,40" Anchor="C,C" ToolTip="LOC_CHEAT_MENU_ERA">
							<Image 		ID="ErasScore" Alpha="0.7" Icon="ICON_CIVILOPEDIA_HISTORIC_MOMENTS" Size="20,20" Anchor="C,C" Offset="-1,-5" />
							<Label		ID="lable_plus" String="+10" TextAnchor="C,C" Color="0,200,0,255" Style="FontNormal12" Size="56,16" Anchor="R,C" Offset="10,4" Hidden="1"/>
						</Button>
					</stack>
				</Grid>
				<Grid 					ID="BonusBacking4" Anchor="C,T" Offset="0,0" Size="445,46" Texture="" SliceCorner="17,17" SliceSize="1,1" SliceTextureSize="36,35" Color="GovBonusDark">
					<Stack				ID="ButtonStack4" Anchor="C,C" Offset="0,0" StackGrowth="Right" StackPadding="8" > 
						<Button 		ID="CheatButtonCorps" Offset="0,15" Texture="LaunchBar_Hook_ButtonSmall.dds" Style="ButtonDisabledText" Size="40,40" Anchor="C,C" >
							<Label 		ID="Corps" String="[ICON_Corps]" Style="FontNormal16" Size="23,23" Anchor="C,C" Offset="-1,-1" ToolTip="LOC_FORM_CORPS"/>
						</Button>
						<Button 		ID="CheatButtonArmy" Offset="0,15" Texture="LaunchBar_Hook_ButtonSmall.dds" Style="ButtonDisabledText" Size="40,40" Anchor="C,C">
							<Label 		ID="Army" String="[ICON_Army]" Size="27,27" Anchor="C,C" Offset="-1,-1" ToolTip="LOC_FORM_ARMY" />
						</Button>
						<Button 		ID="CheatButtonDuplicate" Offset="0,15" Texture="LaunchBar_Hook_ButtonSmall.dds" Style="ButtonDisabledText" Size="40,40" Anchor="C,C" ToolTip="LOC_CHEAT_MENU_DUPLICATE">
							<Image 		ID="DuplicateUnit" Icon="ICON_UNITCOMMAND_GIFT" Size="23,23" Anchor="C,C" Offset="-1,-1"/>
						</Button>
						<Button 		ID="CheatButtonPromote" Offset="0,15" Texture="LaunchBar_Hook_ButtonSmall.dds" Style="ButtonDisabledText" Size="40,40" Anchor="C,C" ToolTip="LOC_CHEAT_MENU_XP">
							<Image 		ID="UnitXP" Icon="ICON_UNITCOMMAND_PROMOTE" Size="23,23" Anchor="C,C" Offset="-1,-1"/>
						</Button>
						<Button 		ID="CheatButtonObs" Offset="0,15" Texture="LaunchBar_Hook_ButtonSmall.dds" Style="ButtonDisabledText" Size="40,40" Anchor="C,C" ToolTip="LOC_CHEAT_MENU_OBVS">
							<Image 		ID="Obs" Icon="ICON_CIVILOPEDIA_CIVILIZATIONS" Size="27,27" Anchor="C,C" Offset="-1,-1" ToolTip="LOC_CHEAT_MENU_OBVS" />
						</Button>
						<Button 		ID="CheatMakeFreeCity" Offset="0,15" Texture="LaunchBar_Hook_ButtonSmall.dds" Style="ButtonDisabledText" Size="40,40" Anchor="C,C" ToolTip="LOC_CHEAT_MENU_FREECITY">
							<Image 		ID="CheatMakeFreeCityimg" Icon="ICON_CIVILOPEDIA_BUILDINGS" Color="202,20,21,255" Size="28,28" Anchor="C,C" Offset="-1,-1"/>
						</Button>
					</Stack>
				</Grid>
				<Grid 					ID="BonusBacking5" Anchor="C,T" Offset="0,0" Size="445,46" Texture="" SliceCorner="17,17" SliceSize="1,1" SliceTextureSize="36,35" Color="GovBonusDark">
					<Stack				ID="ButtonStack5" Anchor="C,C" Offset="0,0" StackGrowth="Right" StackPadding="8" > 
						<GridButton 	ID="CheatButtonAllTech" Size="58,34" Style="TabButton" Anchor="C,C" Offset="0,15" FontSize="14" TextOffset="0,2" String="LOC_CHEAT_MENU_AllTECH">
							<GridButton	ID="CheatButtonAllTech" Size="parent,parent" Style="TabButton" ConsumeMouseButton="1" ConsumeMouseOver="1" ToolTip="LOC_CHEAT_MENU_AllTECH_TOOLTIP"/>
						</GridButton>
						<Button 		ID="CheatResourcesLux" Offset="0,15" Texture="LaunchBar_Hook_ButtonSmall.dds" Style="ButtonDisabledText" Size="40,40" Anchor="C,C" ToolTip="LOC_CHEAT_MENU_CheatResourcesLux">
							<Image 		ID="CheatResourcesLuximg" Size="27,27" Anchor="C,C" Offset="-1,-1" />
							<Label 		String="[ICON_RESOURCE_WHALES]" TextAnchor="C,C" Style="FontNormal16"   Size="35,35" Anchor="C,C" Offset="0,0"/>
						</Button>
						<Button 		ID="CheatResourcesStr" Offset="0,15" Texture="LaunchBar_Hook_ButtonSmall.dds" Style="ButtonDisabledText" Size="40,40" Anchor="C,C" ToolTip="LOC_CHEAT_MENU_CheatResourcesStr">
							<Image 		ID="CheatResourcesStrimg" Size="27,27" Anchor="C,C" Offset="-1,-1" />
							<Label 		String="[ICON_RESOURCE_HORSES]" TextAnchor="C,C" Style="FontNormal16"   Size="35,35" Anchor="C,C" Offset="0,0"/>
						</Button>
						<Button 		ID="CheatResourcesBonus" Offset="0,15" Texture="LaunchBar_Hook_ButtonSmall.dds" Style="ButtonDisabledText" Size="40,40" Anchor="C,C" ToolTip="LOC_CHEAT_MENU_CheatResourcesBonus">
							<Image 		ID="CheatResourcesBonusimg" Size="27,27" Anchor="C,C" Offset="-1,-1" />
							<Label 		String="[ICON_RESOURCE_BANANAS]" TextAnchor="C,C" Style="FontNormal16"   Size="35,35" Anchor="C,C" Offset="0,0"/>
						</Button>
						<GridButton 	ID="CheatButtonAllCivic" Size="58,34" Style="TabButton"  Anchor="C,C" Offset="0,15" FontSize="14" TextOffset="0,2" String="LOC_CHEAT_MENU_AllCIVIC">
							<GridButton	ID="CheatButtonAllCivic" Size="parent,parent" Style="TabButton" ConsumeMouseButton="1" ConsumeMouseOver="1" ToolTip="LOC_CHEAT_MENU_AllCIVIC_TOOLTIP"/>
						</GridButton>
					</Stack>
				</Grid>
			</Stack>
		</Container>
		</Box>
		<Box ID="ButtonSep2 "Color="143,122,82,200" Anchor="L,T" Size="parent+5,2"Offset="0,23" Hidden="0" >
			<Box Color="0,0,0,200" Anchor="L,T" Size="parent,1" AnchorSide="I,O"/>
			<Box Color="0,0,0,200" Anchor="L,B" Size="parent,1" AnchorSide="I,O"/>
		</Box>
		<Box ID="ButtonSep" Color="143,122,82,200" Anchor="L,T" Size="parent+5,2" Offset="0,233" Hidden="1" >
            <Box Color="0,0,0,200" Anchor="L,T" Size="parent,1" AnchorSide="I,O"/>
            <Box Color="0,0,0,200" Anchor="L,B" Size="parent,1" AnchorSide="I,O"/>
        </Box>
	</Grid>
	<Container ID="CheatPanelStack"  Size="auto,auto" Anchor="R,T">
		<CheckBox ID="ToggleCheatPanel" Anchor="R,T" Offset="0,22" Style="WorldTrackerCheckBox" TextOffset="-5" String="Cheat Panel" WrapWidth="180" Align="Right"Hidden="0" />
	</Container>
</Context>