<?xml version="1.0" encoding="utf-8"?>
<Context Hidden="0">
    <Box ID="RazeCityPanel" Size="parent,parent" ConsumeMouse="1" Color="0,0,0,150">
		<Image ID="PopupBackgroundImage" Anchor="C,C" Size="auto,auto" AutoSizePadding="-10,-10" Texture="Parchment_Pattern" StretchMode="Tile" ConsumeMouse="1">
			<Grid Size="360,40" Texture="Controls_SubHeader2" ConsumeMouse="1" SliceCorner="20,2" SliceTextureSize="40,40">
				<Label ID="PanelHeader" Anchor="C,C" Style="FontFlair24" FontStyle="glow" ColorSet="ShellHeader" SmallCaps="28" SmallCapsLeading="0" SmallCapsType="EveryWord"/>
			</Grid>
			<Grid ID="RazeCityWindow" Anchor="C,C" Size="380,auto" AutoSizePadding="0,10" Style="ScreenFrame">
				<Button    ID="ModalScreenClose" Texture="Controls_CloseLarge" Size="44,44" Anchor="R,T"    Offset="2,5"    />
				<Stack ID="PopupStack" Size="180,auto" Anchor="L,T" Offset="-20,70" StackGrowth="Bottom" StackPadding="8">
					<Container Size="1,1"/>
					<Stack StackGrowth="Right" Anchor="L,T" Offset="70,0" Padding="5">
					  <Container  Size="130,auto">
						<Label ID="CityHeader" Anchor="R,C" ColorSet="BodyTextBlue" Style="FontItalicFlair22" />
					  </Container>
					  <Container  Size="130,auto">
						<Label ID="CityName" Offset="10,0" Anchor="L,C" ColorSet="White_Black" Style="FontItalicFlair22" />
					  </Container>
					</Stack>
					<Stack StackGrowth="Right" Offset="70,0" Anchor="L,T" Padding="5">
					  <Container  Size="130,auto">
						<Label        ID="CityPopulation" Anchor="R,C" ColorSet="BodyTextBlue" Style="FontItalicFlair22" WrapWidth="parent"/>
					  </Container>
					  <Container  Size="130,auto">
						<Label        ID="NumPeople" Offset="20,0" Anchor="L,C" ColorSet="White_Black" Style="FontItalicFlair22" WrapWidth="parent"/>
					  </Container>
					</Stack>
					<Stack StackGrowth="Right" Anchor="L,T" Offset="68,0" Padding="5">
					  <Container  Size="130,auto">
						<Label        ID="CityDistricts" Anchor="R,C" ColorSet="BodyTextBlue" Style="FontItalicFlair22" WrapWidth="parent"/>
					  </Container>
					  <Container  Size="130,auto">
						<Label        ID="NumDistricts" Offset="20,0" Anchor="L,C" ColorSet="White_Black" Style="FontItalicFlair22" WrapWidth="parent"/>
					  </Container>
					  <Container Size="80,130" Achnor="C,T"/> 
					</Stack>
					<Container Size="380,20" Anchor="C,C" Offset="0,50">
					  <Image ID="ResearchIconFrame" Texture="CompletedPopup_TechFrame" Anchor="C,C" Offset="1,0">
						<Image ID="ResearchIcon" Size="160,160" Anchor="C,C" Icon="ICON_NOTIFICATION_CONSIDER_RAZE_CITY" Offset="-7,0" IconSize="150,150"/>
					  </Image>
					  <Image Texture="CompletedPopup_Pattern" Anchor="L,C" Offset="25,-5"/>
					  <Image Texture="CompletedPopup_Pattern" Anchor="R,C" Offset="25,-5" FlipX="1"/>
					</Container>
					<Stack StackGrowth="Right" Offset="2,110" Padding="5" WrapWidth="parent" Anchor="C,B">
					  <GridButton   ID="Button1"     Size="350,41"   Style="MainButton" Hidden="1"/>
					  <GridButton   ID="Button2"     Size="350,41"   Style="MainButton" Hidden="1"/>
					  <GridButton   ID="Button3"     Size="350,41"   Style="MainButton" Hidden="0"/>
					  <GridButton   ID="Button4"     Size="350,41"   Style="MainButton" Hidden="0"/>
					</Stack>
				</Stack>
			</Grid>
		</Image>
    </Box>
</Context>