<?xml version="1.0" encoding="utf-8"?>
<!-- BetterReportScreen_Text -->
<!-- Author: Infixo -->
<!-- 2018-02-23: Created -->
<!-- 2018-03-01: Translated by RohBang -->
<GameData>

<LocalizedText>
	<!-- Tab names -->
	<Replace Tag="LOC_HUD_REPORTS_TAB_DEALS" Language="ko_KR">
		<Text>외교거래</Text>
	</Replace>
	<Replace Tag="LOC_HUD_REPORTS_TAB_UNITS" Language="ko_KR">
		<Text>유닛</Text>
	</Replace>
	<Replace Tag="LOC_HUD_REPORTS_TAB_POLICIES" Language="ko_KR">
		<Text>정책</Text>
	</Replace>
	<Replace Tag="LOC_HUD_REPORTS_TAB_MINORS" Language="ko_KR"> <!-- LOC_CITY_STATES_CITY_STATES -->
		<Text>도시 국가</Text>
	</Replace>
	<!-- Column headers -->
	<Replace Tag="LOC_BRS_HEADER_BUILDINGNAME" Language="ko_KR">
		<Text>건물/특수지구</Text>
	</Replace>
	<Replace Tag="LOC_BRS_HEADER_BUILDINGCOUNT" Language="ko_KR">
		<Text>건물/특수지구 수량</Text>
	</Replace>
	<Replace Tag="LOC_BRS_HEADER_GROWTH" Language="ko_KR">
		<Text>성장률</Text>
	</Replace>
	<Replace Tag="LOC_BRS_HEADER_HAPPINESS" Language="ko_KR">
		<Text>쾌적도</Text>
	</Replace>
	<Replace Tag="LOC_BRS_HEADER_POLICY_NAME" Language="ko_KR">
		<Text>정책명</Text>
	</Replace>
	<!-- Resource checkboxes -->
	<Replace Tag="LOC_BRS_CHECKBOX_HIDE_DETAILS" Language="ko_KR">
		<Text>도시수입 세부항목 숨기기</Text>
	</Replace>
	<Replace Tag="LOC_BRS_CHECKBOX_HIDE_FREE_BUILDINGS" Language="ko_KR">
		<Text>유지비없는 건물 숨기기</Text>
	</Replace>
	<Replace Tag="LOC_BRS_CHECKBOX_HIDE_FREE_UNITS" Language="ko_KR">
		<Text>유지비없는 유닛 숨기기</Text>
	</Replace>
	<!-- UNITS -->
	<!-- Unit groups -->
	<Replace Tag="LOC_BRS_UNITS_GROUP_AIR" Language="ko_KR">
		<Text>유닛 - 공중</Text>
	</Replace>
	<Replace Tag="LOC_BRS_UNITS_GROUP_NAVAL" Language="ko_KR">
		<Text>유닛 - 해상</Text>
	</Replace>
	<Replace Tag="LOC_BRS_UNITS_GROUP_LAND_COMBAT" Language="ko_KR">
		<Text>유닛 - 지상</Text>
	</Replace>
	<Replace Tag="LOC_BRS_UNITS_GROUP_CIVILIAN" Language="ko_KR">
		<Text>민간유닛</Text>
	</Replace>
	<Replace Tag="LOC_BRS_UNITS_GROUP_SUPPORT" Language="ko_KR">
		<Text>지원유닛</Text>
	</Replace>
	<Replace Tag="LOC_BRS_UNITS_GROUP_SPY" Language="ko_KR">
		<Text>스파이</Text>
	</Replace>
	<Replace Tag="LOC_BRS_UNITS_GROUP_TRADER" Language="ko_KR">
		<Text>상인</Text>
	</Replace>
	<Replace Tag="LOC_BRS_UNITS_GROUP_GREAT_PERSON" Language="ko_KR">
		<Text>위인</Text>
	</Replace>
	<Replace Tag="LOC_BRS_UNITS_GROUP_RELIGIOUS" Language="ko_KR">
		<Text>종교</Text>
	</Replace>
	<!-- Headers -->
	<Replace Tag="LOC_BRS_HEADER_TYPE" Language="ko_KR">
		<Text>Type</Text>
	</Replace>
	<Replace Tag="LOC_BRS_HEADER_LEVEL" Language="ko_KR">
		<Text>Level</Text>
	</Replace>
	<Replace Tag="LOC_BRS_HEADER_HEALTH" Language="ko_KR">
		<Text>체력</Text>
	</Replace>
	<Replace Tag="LOC_BRS_HEADER_CLASS" Language="ko_KR">
		<Text>분류</Text>
	</Replace>
	<Replace Tag="LOC_BRS_HEADER_NUM_CHARGES" Language="ko_KR">
		<Text>건설력</Text>
	</Replace>
	<Replace Tag="LOC_BRS_HEADER_YIELDS" Language="ko_KR">
		<Text>산출량</Text>
	</Replace>
	<Replace Tag="LOC_BRS_HEADER_ROUTE" Language="ko_KR">
		<Text>교역로</Text>
	</Replace>
	<Replace Tag="LOC_BRS_HEADER_MISSION" Language="ko_KR">
		<Text>임무</Text>
	</Replace>
	<!-- Tooltips -->
	<Replace Tag="LOC_BRS_TOOLTIP_GOTOCITY" Language="ko_KR">
		<Text>도시로 이동</Text>
	</Replace>
	<Replace Tag="LOC_BRS_TOOLTIP_LOOKATUNIT" Language="ko_KR">
		<Text>유닛으로 이동</Text>
	</Replace>
	<Replace Tag="LOC_BRS_TOOLTIP_GARRISON" Language="ko_KR">
		<Text>수비대</Text>
	</Replace>
	<!-- POLICIES -->
	<Replace Tag="LOC_BRS_POLICY_GROUP_SLOT_MILITARY" Language="ko_KR">
		<Text>군사정책</Text>
	</Replace>
	<Replace Tag="LOC_BRS_POLICY_GROUP_SLOT_ECONOMIC" Language="ko_KR">
		<Text>경제정책</Text>
	</Replace>
	<Replace Tag="LOC_BRS_POLICY_GROUP_SLOT_DIPLOMATIC" Language="ko_KR">
		<Text>외교정책</Text>
	</Replace>
	<Replace Tag="LOC_BRS_POLICY_GROUP_SLOT_GREAT_PERSON" Language="ko_KR">
		<Text>위인정책</Text>
	</Replace>
	<Replace Tag="LOC_BRS_POLICY_GROUP_SLOT_LEGACY" Language="ko_KR">
		<Text>정부유산정책</Text>
	</Replace>
	<Replace Tag="LOC_BRS_POLICY_GROUP_SLOT_DARKAGE" Language="ko_KR">
		<Text>암흑기정책</Text>
	</Replace>
	<!-- Checkboxes -->
	<Replace Tag="LOC_BRS_CHECKBOX_HIDE_INACTIVE_POLICIES" Language="ko_KR">
		<Text>비활성정책 숨기기</Text>
	</Replace>
	<Replace Tag="LOC_BRS_CHECKBOX_HIDE_NO_IMPACT_POLICIES" Language="ko_KR">
		<Text>산출량없는정책 숨기기</Text>
	</Replace>
	<Replace Tag="LOC_BRS_CHECKBOX_HIDE_NOT_MET_MINORS" Language="ko_KR">
		<Text>만나지못한 도시국가 숨기기</Text>
	</Replace>
	<Replace Tag="LOC_BRS_CHECKBOX_HIDE_NO_IMPACT_MINORS" Language="ko_KR">
		<Text>산출량없는 도시국가 숨기기</Text>
	</Replace>
	<!-- Deals -->
    <Replace Tag="LOC_BRS_CURRENT_DEALS_OUTGOING" Language="ko_KR">
		<Text>수출</Text>
    </Replace>
    <Replace Tag="LOC_BRS_CURRENT_DEALS_INCOMING" Language="ko_KR">
		<Text>수입</Text>
    </Replace>
	<!-- Other -->
    <Replace Tag="LOC_BRS_SPECIALISTS" Language="ko_KR"> <!-- LOC_PEDIA_CONCEPTS_PAGE_CITIES_9_CHAPTER_CONTENT_TITLE -->
		<Text>전문가</Text>
    </Replace>
    <Replace Tag="LOC_BRS_FROM_MODIFIERS" Language="ko_KR">
		<Text>보정치에서</Text>
    </Replace>
    <Replace Tag="LOC_BRS_FROM_MODIFIERS_PERCENT" Language="ko_KR">
		<Text>보정치에서 [COLOR_White]%[ENDCOLOR]</Text>
    </Replace>
    <Replace Tag="LOC_BRS_PROD_BUILDINGS" Language="ko_KR"> <!-- LOC_CITY_YIELD_FROM_BUILDING_PRODUCTION_BONUS -->
		<Text>건물로</Text>
    </Replace>
    <Replace Tag="LOC_BRS_PROD_DISTRICTS" Language="ko_KR"> <!-- LOC_CITY_YIELD_FROM_DISTRICT_PRODUCTION_BONUS -->
		<Text>특수지구로</Text>
    </Replace>
    <Replace Tag="LOC_BRS_PROD_UNITS" Language="ko_KR"> <!-- LOC_CITY_YIELD_FROM_UNIT_PRODUCTION_BONUS -->
		<Text>유닛으로</Text>
    </Replace>
    <Replace Tag="LOC_BRS_HAVING_DISTRICTS" Language="ko_KR"> <!-- LOC_CITY_YIELD_FROM_NUM_DISTRICTS_TOOLTIP -->
		<!-- {Value: number + #.#;-#.# } from having {1_Num : plural 1?{1} district; other?{1} districts;}. -->
		<Text>특수지구 소유에서 가 제공됩니다 {1_Num}</Text>
    </Replace>

</LocalizedText>

</GameData>
