﻿<?xml version="1.0" encoding="utf-8"?>
<!-- BetterReportScreen_Text -->
<!-- Author: Infixo -->
<!-- 2018-02-23: Created -->
<GameData>

<LocalizedText>
	<!-- Tab names -->
	<Replace Tag="LOC_HUD_REPORTS_TAB_DEALS" Language="pl_PL">
		<Text>Umowy</Text>
	</Replace>
	<Replace Tag="LOC_HUD_REPORTS_TAB_UNITS" Language="pl_PL">
		<Text>Jednostki</Text>
	</Replace>
	<Replace Tag="LOC_HUD_REPORTS_TAB_POLICIES" Language="pl_PL">
		<Text>Doktryny</Text>
	</Replace>
	<Replace Tag="LOC_HUD_REPORTS_TAB_MINORS" Language="pl_PL"> <!-- LOC_CITY_STATES_CITY_STATES -->
		<Text>Miasta-państwa</Text>
	</Replace>
	<Replace Tag="LOC_HUD_REPORTS_TAB_CITIES" Language="pl_PL">
		<Text>Miasta</Text>
	</Replace>
	<Replace Tag="LOC_HUD_REPORTS_TAB_CITIES2" Language="pl_PL">
		<Text>[ICON_Power]Miasta</Text>
	</Replace>
	<!-- Column headers -->
	<Replace Tag="LOC_BRS_HEADER_BUILDINGNAME" Language="pl_PL">
		<Text>Nazwa budowli/dzielnicy</Text>
	</Replace>
	<Replace Tag="LOC_BRS_HEADER_BUILDINGCOUNT" Language="pl_PL">
		<Text>Liczba budowli/dzielnic</Text>
	</Replace>
	<Replace Tag="LOC_BRS_HEADER_GROWTH" Language="pl_PL">
		<Text>Wzrost</Text>
	</Replace>
	<Replace Tag="LOC_BRS_HEADER_HAPPINESS" Language="pl_PL">
		<Text>Zadowolenie</Text>
	</Replace>
	<Replace Tag="LOC_BRS_HEADER_POLICY_NAME" Language="pl_PL">
		<Text>Nazwa doktryny</Text>
	</Replace>
	<!-- Resource checkboxes -->
	<Replace Tag="LOC_BRS_CHECKBOX_HIDE_DETAILS" Language="pl_PL">
		<Text>Ukryj szczegóły miast</Text>
	</Replace>
	<Replace Tag="LOC_BRS_CHECKBOX_HIDE_FREE_BUILDINGS" Language="pl_PL">
		<Text>Ukryj darmowe budowle</Text>
	</Replace>
	<Replace Tag="LOC_BRS_CHECKBOX_HIDE_FREE_UNITS" Language="pl_PL">
		<Text>Ukryj darmowe jednostki</Text>
	</Replace>
	<!-- UNITS -->
	<!-- Unit groups -->
	<Replace Tag="LOC_BRS_UNITS_GROUP_AIR" Language="pl_PL">
		<Text>Wojskowe - Powietrzne</Text>
	</Replace>
	<Replace Tag="LOC_BRS_UNITS_GROUP_NAVAL" Language="pl_PL">
		<Text>Wojskowe - Morskie</Text>
	</Replace>
	<Replace Tag="LOC_BRS_UNITS_GROUP_LAND_COMBAT" Language="pl_PL">
		<Text>Wojskowe - Lądowe</Text>
	</Replace>
	<Replace Tag="LOC_BRS_UNITS_GROUP_CIVILIAN" Language="pl_PL">
		<Text>Cywilne</Text>
	</Replace>
	<Replace Tag="LOC_BRS_UNITS_GROUP_SUPPORT" Language="pl_PL">
		<Text>Wsparcie</Text>
	</Replace>
	<Replace Tag="LOC_BRS_UNITS_GROUP_SPY" Language="pl_PL">
		<Text>Szpiedzy</Text>
	</Replace>
	<Replace Tag="LOC_BRS_UNITS_GROUP_TRADER" Language="pl_PL">
		<Text>Kupcy</Text>
	</Replace>
	<Replace Tag="LOC_BRS_UNITS_GROUP_GREAT_PERSON" Language="pl_PL">
		<Text>Wielcy ludzie</Text>
	</Replace>
	<Replace Tag="LOC_BRS_UNITS_GROUP_RELIGIOUS" Language="pl_PL">
		<Text>Religijne</Text>
	</Replace>
	<!-- Headers -->
	<Replace Tag="LOC_BRS_HEADER_TYPE" Language="pl_PL">
		<Text>Typ</Text>
	</Replace>
	<Replace Tag="LOC_BRS_HEADER_LEVEL" Language="pl_PL">
		<Text>Poziom</Text>
	</Replace>
	<Replace Tag="LOC_BRS_HEADER_HEALTH" Language="pl_PL">
		<Text>Żywotność</Text>
	</Replace>
	<Replace Tag="LOC_BRS_HEADER_CLASS" Language="pl_PL">
		<Text>Rodzaj</Text>
	</Replace>
	<Replace Tag="LOC_BRS_HEADER_NUM_CHARGES" Language="pl_PL">
		<Text>Potencjał</Text>
	</Replace>
	<Replace Tag="LOC_BRS_HEADER_YIELDS" Language="pl_PL">
		<Text>Przychody</Text>
	</Replace>
	<Replace Tag="LOC_BRS_HEADER_ROUTE" Language="pl_PL">
		<Text>Szlak handlowy</Text>
	</Replace>
	<Replace Tag="LOC_BRS_HEADER_MISSION" Language="pl_PL">
		<Text>Misja</Text>
	</Replace>
	<!-- Tooltips -->
	<Replace Tag="LOC_BRS_TOOLTIP_GOTOCITY" Language="pl_PL">
		<Text>Idź do tego miasta</Text>
	</Replace>
	<Replace Tag="LOC_BRS_TOOLTIP_LOOKATUNIT" Language="pl_PL">
		<Text>Znajdź tę jednostkę na mapie</Text>
	</Replace>
	<Replace Tag="LOC_BRS_TOOLTIP_GARRISON" Language="pl_PL">
		<Text>Garnizon</Text>
	</Replace>
	<!-- POLICIES -->
	<Replace Tag="LOC_BRS_POLICY_GROUP_SLOT_MILITARY" Language="pl_PL">
		<Text>Wojskowe</Text>
	</Replace>
	<Replace Tag="LOC_BRS_POLICY_GROUP_SLOT_ECONOMIC" Language="pl_PL">
		<Text>Gospodarcze</Text>
	</Replace>
	<Replace Tag="LOC_BRS_POLICY_GROUP_SLOT_DIPLOMATIC" Language="pl_PL">
		<Text>Dyplomatyczne</Text>
	</Replace>
	<Replace Tag="LOC_BRS_POLICY_GROUP_SLOT_GREAT_PERSON" Language="pl_PL">
		<Text>Wielkich ludzi</Text>
	</Replace>
	<Replace Tag="LOC_BRS_POLICY_GROUP_SLOT_LEGACY" Language="pl_PL">
		<Text>Spuścizny</Text>
	</Replace>
	<Replace Tag="LOC_BRS_POLICY_GROUP_SLOT_DARKAGE" Language="pl_PL">
		<Text>Ciemnych wieków</Text>
	</Replace>
	<!-- Checkboxes -->
	<Replace Tag="LOC_BRS_CHECKBOX_HIDE_INACTIVE_POLICIES" Language="pl_PL">
		<Text>Ukryj nieaktywne doktryny</Text>
	</Replace>
	<Replace Tag="LOC_BRS_CHECKBOX_HIDE_NO_IMPACT_POLICIES" Language="pl_PL">
		<Text>Ukryj doktryny bez żadnego wpływu</Text>
	</Replace>
	<Replace Tag="LOC_BRS_CHECKBOX_HIDE_NOT_MET_MINORS" Language="pl_PL">
		<Text>Ukryj niespotkane miasta-państwa</Text>
	</Replace>
	<Replace Tag="LOC_BRS_CHECKBOX_HIDE_NO_IMPACT_MINORS" Language="pl_PL">
		<Text>Ukryj miasta-państwa bez żadnego wpływu</Text>
	</Replace>
	<!-- Deals -->
    <Replace Tag="LOC_BRS_CURRENT_DEALS_OUTGOING" Language="pl_PL">
		<Text>Wychodzące</Text>
    </Replace>
    <Replace Tag="LOC_BRS_CURRENT_DEALS_INCOMING" Language="pl_PL">
		<Text>Przychodzące</Text>
    </Replace>
	<!-- Other -->
    <Replace Tag="LOC_BRS_SPECIALISTS" Language="pl_PL"> <!-- LOC_PEDIA_CONCEPTS_PAGE_CITIES_9_CHAPTER_CONTENT_TITLE -->
		<Text>Specjaliści</Text>
    </Replace>
    <Replace Tag="LOC_BRS_FROM_MODIFIERS" Language="pl_PL">
		<Text>Z modyfikatorów</Text>
    </Replace>
    <Replace Tag="LOC_BRS_FROM_MODIFIERS_PERCENT" Language="pl_PL">
		<Text>Z modyfikatorów [COLOR_White]%[ENDCOLOR]</Text>
    </Replace>
    <Replace Tag="LOC_BRS_PROD_BUILDINGS" Language="pl_PL"> <!-- LOC_CITY_YIELD_FROM_BUILDING_PRODUCTION_BONUS -->
		<Text>Do budowli</Text>
    </Replace>
    <Replace Tag="LOC_BRS_PROD_DISTRICTS" Language="pl_PL"> <!-- LOC_CITY_YIELD_FROM_DISTRICT_PRODUCTION_BONUS -->
		<Text>Do dzielnic</Text>
    </Replace>
    <Replace Tag="LOC_BRS_PROD_UNITS" Language="pl_PL"> <!-- LOC_CITY_YIELD_FROM_UNIT_PRODUCTION_BONUS -->
		<Text>Do jednostek</Text>
    </Replace>
    <Replace Tag="LOC_BRS_HAVING_DISTRICTS" Language="pl_PL"> <!-- LOC_CITY_YIELD_FROM_NUM_DISTRICTS_TOOLTIP -->
		<!-- {Value: number + #.#;-#.# } from having {1_Num : plural 1?{1} district; other?{1} districts;}. -->
		<Text>Dzięki posiadaniu {1_Num} {1_Num: plural 1?dzielnicy; other?dzielnic;}</Text>
    </Replace>
	<!-- Gathering Storm -->
    <Replace Tag="LOC_BRS_CO2" Language="pl_PL">
		<Text>CO2</Text>
    </Replace>
    <Replace Tag="LOC_BRS_BARRIER" Language="pl_PL">
		<Text>Zapora</Text>
    </Replace>
    <Replace Tag="LOC_BRS_BARRIER_MAINTENANCE" Language="pl_PL">
		<Text>Koszt utrzymania zapory przeciwpowodziowej</Text>
    </Replace>
	
</LocalizedText>

</GameData>
